<xt:extension 
    xmlns:xt="http://www.oxygenxml.com/ns/extension" 
    id="com.oxygenxml.samples.savehook.SaveHookPlugin">
    <xt:location href="saveHook-0.0.1-SNAPSHOT-plugin.jar"/>
    <xt:version>${project.parent.version}.0</xt:version>
    <xt:oxy_version>${project.parent.version}</xt:oxy_version>
    <xt:type>plugin</xt:type>
    <xt:author>Oxygen Sample Plugins</xt:author>
    <xt:name>Save Hook Plugin</xt:name>
    <xt:description><html xmlns="http://www.w3.org/1999/xhtml">
    <head>
        <title>Save Hook Plugin</title>
    </head>
    <body>
        <div>
            <p>Executes a given number of author actions before saving a file. A good example is if you have an author action that updates an ID based on the file name. This action needs to be executed every time the editor is saved.</p>
        </div>
    </body>
</html>
</xt:description>
    <xt:license><![CDATA[]]></xt:license>
</xt:extension>
